csv_file,dataset_type,rows,sheet_name,source_id,source_title
normalized/coal-statistics-coal-directory-chapter-1-indian-coal-economy-overview-2__2-1.csv,production,35,2.1,coal-statistics-coal-directory-chapter-1-indian-coal-economy-overview-2,Coal Directory chapter 1: Indian coal economy overview
normalized/coal-statistics-coal-directory-chapter-1-indian-coal-economy-overview-2__2-2.csv,production,75,2.2,coal-statistics-coal-directory-chapter-1-indian-coal-economy-overview-2,Coal Directory chapter 1: Indian coal economy overview
normalized/coal-statistics-coal-directory-chapter-1-indian-coal-economy-overview-2__2-3.csv,production,272,2.3,coal-statistics-coal-directory-chapter-1-indian-coal-economy-overview-2,Coal Directory chapter 1: Indian coal economy overview
normalized/coal-statistics-coal-directory-chapter-1-indian-coal-economy-overview-2__2-4.csv,production,35,2.4,coal-statistics-coal-directory-chapter-1-indian-coal-economy-overview-2,Coal Directory chapter 1: Indian coal economy overview
normalized/coal-statistics-coal-directory-chapter-1-indian-coal-economy-overview-2__2-4-revised.csv,production,20,2.4 _Revised,coal-statistics-coal-directory-chapter-1-indian-coal-economy-overview-2,Coal Directory chapter 1: Indian coal economy overview
normalized/coal-statistics-coal-directory-chapter-1-indian-coal-economy-overview-2__2-5.csv,production,182,2.5,coal-statistics-coal-directory-chapter-1-indian-coal-economy-overview-2,Coal Directory chapter 1: Indian coal economy overview
normalized/coal-statistics-coal-directory-chapter-1-indian-coal-economy-overview-2__2-6.csv,production,71,2.6,coal-statistics-coal-directory-chapter-1-indian-coal-economy-overview-2,Coal Directory chapter 1: Indian coal economy overview
normalized/coal-statistics-coal-directory-chapter-1-indian-coal-economy-overview-2__2-7.csv,production,283,2.7,coal-statistics-coal-directory-chapter-1-indian-coal-economy-overview-2,Coal Directory chapter 1: Indian coal economy overview
normalized/coal-statistics-coal-directory-chapter-1-indian-coal-economy-overview-2__2-8.csv,production,94,2.8,coal-statistics-coal-directory-chapter-1-indian-coal-economy-overview-2,Coal Directory chapter 1: Indian coal economy overview
normalized/coal-statistics-coal-directory-chapter-1-indian-coal-economy-overview-2__2-9.csv,production,157,2.9 ,coal-statistics-coal-directory-chapter-1-indian-coal-economy-overview-2,Coal Directory chapter 1: Indian coal economy overview
normalized/coal-statistics-coal-directory-chapter-2-coal-and-lignite-resources-3__st6.csv,production,77,ST6,coal-statistics-coal-directory-chapter-2-coal-and-lignite-resources-3,Coal Directory chapter 2: Coal and lignite resources
normalized/coal-statistics-coal-directory-chapter-2-coal-and-lignite-resources-3__dt10.csv,production,57,DT10,coal-statistics-coal-directory-chapter-2-coal-and-lignite-resources-3,Coal Directory chapter 2: Coal and lignite resources
normalized/coal-statistics-coal-directory-chapter-2-coal-and-lignite-resources-3__pt1.csv,production,15,PT1,coal-statistics-coal-directory-chapter-2-coal-and-lignite-resources-3,Coal Directory chapter 2: Coal and lignite resources
normalized/coal-statistics-coal-directory-chapter-2-coal-and-lignite-resources-3__pt2.csv,production,17,PT2,coal-statistics-coal-directory-chapter-2-coal-and-lignite-resources-3,Coal Directory chapter 2: Coal and lignite resources
normalized/coal-statistics-coal-directory-chapter-2-coal-and-lignite-resources-3__pt3.csv,production,15,PT3,coal-statistics-coal-directory-chapter-2-coal-and-lignite-resources-3,Coal Directory chapter 2: Coal and lignite resources
normalized/coal-statistics-coal-directory-chapter-2-coal-and-lignite-resources-3__pt4.csv,production,25,PT4,coal-statistics-coal-directory-chapter-2-coal-and-lignite-resources-3,Coal Directory chapter 2: Coal and lignite resources
normalized/coal-statistics-coal-directory-chapter-2-coal-and-lignite-resources-3__pt5.csv,production,26,PT5,coal-statistics-coal-directory-chapter-2-coal-and-lignite-resources-3,Coal Directory chapter 2: Coal and lignite resources
normalized/coal-statistics-coal-directory-chapter-2-coal-and-lignite-resources-3__pt6.csv,production,23,PT6,coal-statistics-coal-directory-chapter-2-coal-and-lignite-resources-3,Coal Directory chapter 2: Coal and lignite resources
normalized/coal-statistics-coal-directory-chapter-2-coal-and-lignite-resources-3__pt7.csv,production,18,PT7,coal-statistics-coal-directory-chapter-2-coal-and-lignite-resources-3,Coal Directory chapter 2: Coal and lignite resources
normalized/coal-statistics-coal-directory-chapter-2-coal-and-lignite-resources-3__pt8.csv,production,22,PT8,coal-statistics-coal-directory-chapter-2-coal-and-lignite-resources-3,Coal Directory chapter 2: Coal and lignite resources
normalized/coal-statistics-coal-directory-chapter-2-coal-and-lignite-resources-3__pt9.csv,production,55,PT9,coal-statistics-coal-directory-chapter-2-coal-and-lignite-resources-3,Coal Directory chapter 2: Coal and lignite resources
normalized/coal-statistics-coal-directory-chapter-2-coal-and-lignite-resources-3__pt10.csv,production,28,PT10,coal-statistics-coal-directory-chapter-2-coal-and-lignite-resources-3,Coal Directory chapter 2: Coal and lignite resources
normalized/coal-statistics-coal-directory-chapter-2-coal-and-lignite-resources-3__pt6-7-revised.csv,production,99,PT6-7_Revised,coal-statistics-coal-directory-chapter-2-coal-and-lignite-resources-3,Coal Directory chapter 2: Coal and lignite resources
normalized/coal-statistics-coal-directory-chapter-2-coal-and-lignite-resources-3__pt11.csv,production,57,PT11,coal-statistics-coal-directory-chapter-2-coal-and-lignite-resources-3,Coal Directory chapter 2: Coal and lignite resources
normalized/coal-statistics-coal-directory-chapter-2-coal-and-lignite-resources-3__pt12.csv,production,82,PT12,coal-statistics-coal-directory-chapter-2-coal-and-lignite-resources-3,Coal Directory chapter 2: Coal and lignite resources
normalized/coal-statistics-coal-directory-chapter-2-coal-and-lignite-resources-3__pt13.csv,production,23,PT13,coal-statistics-coal-directory-chapter-2-coal-and-lignite-resources-3,Coal Directory chapter 2: Coal and lignite resources
normalized/coal-statistics-coal-directory-chapter-2-coal-and-lignite-resources-3__pt14-zero.csv,production,207,PT14.zero,coal-statistics-coal-directory-chapter-2-coal-and-lignite-resources-3,Coal Directory chapter 2: Coal and lignite resources
normalized/coal-statistics-coal-directory-chapter-2-coal-and-lignite-resources-3__pt14-14a.csv,production,21,PT14 & 14a,coal-statistics-coal-directory-chapter-2-coal-and-lignite-resources-3,Coal Directory chapter 2: Coal and lignite resources
normalized/coal-statistics-coal-directory-chapter-2-coal-and-lignite-resources-3__pt15.csv,production,56,PT15,coal-statistics-coal-directory-chapter-2-coal-and-lignite-resources-3,Coal Directory chapter 2: Coal and lignite resources
normalized/coal-statistics-coal-directory-chapter-2-coal-and-lignite-resources-3__pt16.csv,production,56,PT16,coal-statistics-coal-directory-chapter-2-coal-and-lignite-resources-3,Coal Directory chapter 2: Coal and lignite resources
normalized/coal-statistics-coal-directory-chapter-2-coal-and-lignite-resources-3__pt17.csv,production,34,PT17,coal-statistics-coal-directory-chapter-2-coal-and-lignite-resources-3,Coal Directory chapter 2: Coal and lignite resources
normalized/coal-statistics-coal-directory-chapter-2-coal-and-lignite-resources-3__pt14-revised.csv,production,169,PT14_Revised,coal-statistics-coal-directory-chapter-2-coal-and-lignite-resources-3,Coal Directory chapter 2: Coal and lignite resources
normalized/coal-statistics-coal-directory-chapter-2-coal-and-lignite-resources-3__pt18.csv,production,35,PT18,coal-statistics-coal-directory-chapter-2-coal-and-lignite-resources-3,Coal Directory chapter 2: Coal and lignite resources
normalized/coal-statistics-coal-directory-chapter-2-coal-and-lignite-resources-3__pt19.csv,production,16,PT19,coal-statistics-coal-directory-chapter-2-coal-and-lignite-resources-3,Coal Directory chapter 2: Coal and lignite resources
normalized/coal-statistics-coal-directory-chapter-2-coal-and-lignite-resources-3__pt20.csv,production,59,PT20,coal-statistics-coal-directory-chapter-2-coal-and-lignite-resources-3,Coal Directory chapter 2: Coal and lignite resources
normalized/coal-statistics-coal-directory-chapter-2-coal-and-lignite-resources-3__pt21.csv,production,57,PT21,coal-statistics-coal-directory-chapter-2-coal-and-lignite-resources-3,Coal Directory chapter 2: Coal and lignite resources
normalized/coal-statistics-coal-directory-chapter-2-coal-and-lignite-resources-3__pt22.csv,production,59,PT22,coal-statistics-coal-directory-chapter-2-coal-and-lignite-resources-3,Coal Directory chapter 2: Coal and lignite resources
normalized/coal-statistics-coal-directory-chapter-2-coal-and-lignite-resources-3__pt23.csv,production,15,PT23,coal-statistics-coal-directory-chapter-2-coal-and-lignite-resources-3,Coal Directory chapter 2: Coal and lignite resources
normalized/coal-statistics-coal-directory-chapter-2-coal-and-lignite-resources-3__pt24.csv,production,39,PT24,coal-statistics-coal-directory-chapter-2-coal-and-lignite-resources-3,Coal Directory chapter 2: Coal and lignite resources
normalized/coal-statistics-coal-directory-chapter-2-coal-and-lignite-resources-3__pt25.csv,production,17,PT25,coal-statistics-coal-directory-chapter-2-coal-and-lignite-resources-3,Coal Directory chapter 2: Coal and lignite resources
normalized/coal-statistics-coal-directory-chapter-2-coal-and-lignite-resources-3__pt26.csv,production,64,PT26,coal-statistics-coal-directory-chapter-2-coal-and-lignite-resources-3,Coal Directory chapter 2: Coal and lignite resources
normalized/coal-statistics-coal-directory-chapter-2-coal-and-lignite-resources-3__pt27.csv,production,30,PT27,coal-statistics-coal-directory-chapter-2-coal-and-lignite-resources-3,Coal Directory chapter 2: Coal and lignite resources
normalized/coal-statistics-coal-directory-chapter-2-coal-and-lignite-resources-3__pt28.csv,production,30,PT28,coal-statistics-coal-directory-chapter-2-coal-and-lignite-resources-3,Coal Directory chapter 2: Coal and lignite resources
normalized/coal-statistics-coal-directory-chapter-3-production-productivity-and-overburden-4__srl-no.csv,production,7,srl no,coal-statistics-coal-directory-chapter-3-production-productivity-and-overburden-4,"Coal Directory chapter 3: Production, productivity and overburden"
normalized/coal-statistics-coal-directory-chapter-3-production-productivity-and-overburden-4__dt1.csv,production,15,dt1,coal-statistics-coal-directory-chapter-3-production-productivity-and-overburden-4,"Coal Directory chapter 3: Production, productivity and overburden"
normalized/coal-statistics-coal-directory-chapter-3-production-productivity-and-overburden-4__dt2.csv,production,16,dt2,coal-statistics-coal-directory-chapter-3-production-productivity-and-overburden-4,"Coal Directory chapter 3: Production, productivity and overburden"
normalized/coal-statistics-coal-directory-chapter-3-production-productivity-and-overburden-4__dt3.csv,production,15,dt3,coal-statistics-coal-directory-chapter-3-production-productivity-and-overburden-4,"Coal Directory chapter 3: Production, productivity and overburden"
normalized/coal-statistics-coal-directory-chapter-3-production-productivity-and-overburden-4__dt4.csv,production,22,dt4,coal-statistics-coal-directory-chapter-3-production-productivity-and-overburden-4,"Coal Directory chapter 3: Production, productivity and overburden"
normalized/coal-statistics-coal-directory-chapter-3-production-productivity-and-overburden-4__dt5.csv,production,22,dt5,coal-statistics-coal-directory-chapter-3-production-productivity-and-overburden-4,"Coal Directory chapter 3: Production, productivity and overburden"
normalized/coal-statistics-coal-directory-chapter-3-production-productivity-and-overburden-4__dt6.csv,production,19,dt6,coal-statistics-coal-directory-chapter-3-production-productivity-and-overburden-4,"Coal Directory chapter 3: Production, productivity and overburden"
normalized/coal-statistics-coal-directory-chapter-3-production-productivity-and-overburden-4__dt7.csv,production,80,dt7,coal-statistics-coal-directory-chapter-3-production-productivity-and-overburden-4,"Coal Directory chapter 3: Production, productivity and overburden"
normalized/coal-statistics-coal-directory-chapter-3-production-productivity-and-overburden-4__dt8.csv,production,28,dt8,coal-statistics-coal-directory-chapter-3-production-productivity-and-overburden-4,"Coal Directory chapter 3: Production, productivity and overburden"
normalized/coal-statistics-coal-directory-chapter-3-production-productivity-and-overburden-4__dt9.csv,production,68,dt9,coal-statistics-coal-directory-chapter-3-production-productivity-and-overburden-4,"Coal Directory chapter 3: Production, productivity and overburden"
normalized/coal-statistics-coal-directory-chapter-3-production-productivity-and-overburden-4__dt10.csv,production,76,dt10,coal-statistics-coal-directory-chapter-3-production-productivity-and-overburden-4,"Coal Directory chapter 3: Production, productivity and overburden"
normalized/coal-statistics-coal-directory-chapter-3-production-productivity-and-overburden-4__dt11.csv,production,59,dt11,coal-statistics-coal-directory-chapter-3-production-productivity-and-overburden-4,"Coal Directory chapter 3: Production, productivity and overburden"
normalized/coal-statistics-coal-directory-chapter-3-production-productivity-and-overburden-4__dt12.csv,production,56,dt12,coal-statistics-coal-directory-chapter-3-production-productivity-and-overburden-4,"Coal Directory chapter 3: Production, productivity and overburden"
normalized/coal-statistics-coal-directory-chapter-3-production-productivity-and-overburden-4__dt13xx.csv,production,196,dt13XX,coal-statistics-coal-directory-chapter-3-production-productivity-and-overburden-4,"Coal Directory chapter 3: Production, productivity and overburden"
normalized/coal-statistics-coal-directory-chapter-3-production-productivity-and-overburden-4__dt13.csv,production,54,dt13,coal-statistics-coal-directory-chapter-3-production-productivity-and-overburden-4,"Coal Directory chapter 3: Production, productivity and overburden"
normalized/coal-statistics-coal-directory-chapter-3-production-productivity-and-overburden-4__dt14.csv,production,55,dt14,coal-statistics-coal-directory-chapter-3-production-productivity-and-overburden-4,"Coal Directory chapter 3: Production, productivity and overburden"
normalized/coal-statistics-coal-directory-chapter-3-production-productivity-and-overburden-4__dt15.csv,production,34,dt15,coal-statistics-coal-directory-chapter-3-production-productivity-and-overburden-4,"Coal Directory chapter 3: Production, productivity and overburden"
normalized/coal-statistics-coal-directory-chapter-3-production-productivity-and-overburden-4__dt16.csv,production,38,dt16,coal-statistics-coal-directory-chapter-3-production-productivity-and-overburden-4,"Coal Directory chapter 3: Production, productivity and overburden"
normalized/coal-statistics-coal-directory-chapter-3-production-productivity-and-overburden-4__dt17.csv,production,68,dt17,coal-statistics-coal-directory-chapter-3-production-productivity-and-overburden-4,"Coal Directory chapter 3: Production, productivity and overburden"
normalized/coal-statistics-coal-directory-chapter-3-production-productivity-and-overburden-4__dt18.csv,production,25,dt18,coal-statistics-coal-directory-chapter-3-production-productivity-and-overburden-4,"Coal Directory chapter 3: Production, productivity and overburden"
normalized/coal-statistics-coal-directory-chapter-3-production-productivity-and-overburden-4__dt19.csv,production,54,dt19,coal-statistics-coal-directory-chapter-3-production-productivity-and-overburden-4,"Coal Directory chapter 3: Production, productivity and overburden"
normalized/coal-statistics-coal-directory-chapter-3-production-productivity-and-overburden-4__dt20.csv,production,54,dt20,coal-statistics-coal-directory-chapter-3-production-productivity-and-overburden-4,"Coal Directory chapter 3: Production, productivity and overburden"
normalized/coal-statistics-coal-directory-chapter-3-production-productivity-and-overburden-4__dt21.csv,production,31,dt21,coal-statistics-coal-directory-chapter-3-production-productivity-and-overburden-4,"Coal Directory chapter 3: Production, productivity and overburden"
normalized/coal-statistics-coal-directory-chapter-3-production-productivity-and-overburden-4__dt22.csv,production,14,dt22,coal-statistics-coal-directory-chapter-3-production-productivity-and-overburden-4,"Coal Directory chapter 3: Production, productivity and overburden"
normalized/coal-statistics-coal-directory-chapter-3-production-productivity-and-overburden-4__dt23.csv,production,40,dt23,coal-statistics-coal-directory-chapter-3-production-productivity-and-overburden-4,"Coal Directory chapter 3: Production, productivity and overburden"
normalized/coal-statistics-coal-directory-chapter-3-production-productivity-and-overburden-4__dt24.csv,production,81,dt24,coal-statistics-coal-directory-chapter-3-production-productivity-and-overburden-4,"Coal Directory chapter 3: Production, productivity and overburden"
normalized/coal-statistics-coal-directory-chapter-3-production-productivity-and-overburden-4__dt25.csv,production,35,dt25,coal-statistics-coal-directory-chapter-3-production-productivity-and-overburden-4,"Coal Directory chapter 3: Production, productivity and overburden"
normalized/coal-statistics-coal-directory-chapter-3-production-productivity-and-overburden-4__dt26.csv,production,14,dt26,coal-statistics-coal-directory-chapter-3-production-productivity-and-overburden-4,"Coal Directory chapter 3: Production, productivity and overburden"
normalized/coal-statistics-coal-directory-chapter-3-production-productivity-and-overburden-4__dt27.csv,production,39,dt27,coal-statistics-coal-directory-chapter-3-production-productivity-and-overburden-4,"Coal Directory chapter 3: Production, productivity and overburden"
normalized/coal-statistics-coal-directory-chapter-3-production-productivity-and-overburden-4__dt28.csv,production,16,dt28,coal-statistics-coal-directory-chapter-3-production-productivity-and-overburden-4,"Coal Directory chapter 3: Production, productivity and overburden"
normalized/coal-statistics-coal-directory-chapter-3-production-productivity-and-overburden-4__dt29.csv,production,17,dt29,coal-statistics-coal-directory-chapter-3-production-productivity-and-overburden-4,"Coal Directory chapter 3: Production, productivity and overburden"
normalized/coal-statistics-coal-directory-chapter-3-production-productivity-and-overburden-4__dt30.csv,production,49,dt30,coal-statistics-coal-directory-chapter-3-production-productivity-and-overburden-4,"Coal Directory chapter 3: Production, productivity and overburden"
normalized/coal-statistics-coal-directory-chapter-3-production-productivity-and-overburden-4__dt31.csv,production,48,dt31,coal-statistics-coal-directory-chapter-3-production-productivity-and-overburden-4,"Coal Directory chapter 3: Production, productivity and overburden"
normalized/coal-statistics-coal-directory-chapter-3-production-productivity-and-overburden-4__pt32.csv,production,30,PT32,coal-statistics-coal-directory-chapter-3-production-productivity-and-overburden-4,"Coal Directory chapter 3: Production, productivity and overburden"
normalized/coal-statistics-coal-directory-chapter-3-production-productivity-and-overburden-4__pt33.csv,production,30,PT33,coal-statistics-coal-directory-chapter-3-production-productivity-and-overburden-4,"Coal Directory chapter 3: Production, productivity and overburden"
normalized/coal-statistics-coal-directory-chapter-4-dispatch-and-off-take-5__chart-5-1-2del.csv,power_use,16,chart 5.1 & 2del,coal-statistics-coal-directory-chapter-4-dispatch-and-off-take-5,Coal Directory chapter 4: Dispatch and off-take
normalized/coal-statistics-coal-directory-chapter-4-dispatch-and-off-take-5__st1.csv,power_use,15,ST1,coal-statistics-coal-directory-chapter-4-dispatch-and-off-take-5,Coal Directory chapter 4: Dispatch and off-take
normalized/coal-statistics-coal-directory-chapter-4-dispatch-and-off-take-5__st2.csv,power_use,17,ST2,coal-statistics-coal-directory-chapter-4-dispatch-and-off-take-5,Coal Directory chapter 4: Dispatch and off-take
normalized/coal-statistics-coal-directory-chapter-4-dispatch-and-off-take-5__st3.csv,power_use,21,ST3,coal-statistics-coal-directory-chapter-4-dispatch-and-off-take-5,Coal Directory chapter 4: Dispatch and off-take
normalized/coal-statistics-coal-directory-chapter-4-dispatch-and-off-take-5__st4.csv,power_use,18,ST4,coal-statistics-coal-directory-chapter-4-dispatch-and-off-take-5,Coal Directory chapter 4: Dispatch and off-take
normalized/coal-statistics-coal-directory-chapter-4-dispatch-and-off-take-5__st5.csv,power_use,44,ST5,coal-statistics-coal-directory-chapter-4-dispatch-and-off-take-5,Coal Directory chapter 4: Dispatch and off-take
normalized/coal-statistics-coal-directory-chapter-4-dispatch-and-off-take-5__st4-5-revised.csv,power_use,91,ST4-5_Revised,coal-statistics-coal-directory-chapter-4-dispatch-and-off-take-5,Coal Directory chapter 4: Dispatch and off-take
normalized/coal-statistics-coal-directory-chapter-4-dispatch-and-off-take-5__st6.csv,power_use,30,ST6,coal-statistics-coal-directory-chapter-4-dispatch-and-off-take-5,Coal Directory chapter 4: Dispatch and off-take
normalized/coal-statistics-coal-directory-chapter-4-dispatch-and-off-take-5__st7.csv,power_use,59,ST7,coal-statistics-coal-directory-chapter-4-dispatch-and-off-take-5,Coal Directory chapter 4: Dispatch and off-take
normalized/coal-statistics-coal-directory-chapter-4-dispatch-and-off-take-5__st8.csv,power_use,82,ST8,coal-statistics-coal-directory-chapter-4-dispatch-and-off-take-5,Coal Directory chapter 4: Dispatch and off-take
normalized/coal-statistics-coal-directory-chapter-4-dispatch-and-off-take-5__st9.csv,power_use,64,ST9,coal-statistics-coal-directory-chapter-4-dispatch-and-off-take-5,Coal Directory chapter 4: Dispatch and off-take
normalized/coal-statistics-coal-directory-chapter-4-dispatch-and-off-take-5__st10.csv,power_use,14,ST10,coal-statistics-coal-directory-chapter-4-dispatch-and-off-take-5,Coal Directory chapter 4: Dispatch and off-take
normalized/coal-statistics-coal-directory-chapter-5-pit-head-closing-stock-6__6-1.csv,power_stocks,23,6.1,coal-statistics-coal-directory-chapter-5-pit-head-closing-stock-6,Coal Directory chapter 5: Pit-head closing stock
normalized/coal-statistics-coal-directory-chapter-5-pit-head-closing-stock-6__6-2.csv,power_stocks,23,6.2,coal-statistics-coal-directory-chapter-5-pit-head-closing-stock-6,Coal Directory chapter 5: Pit-head closing stock
normalized/coal-statistics-coal-directory-chapter-5-pit-head-closing-stock-6__6-3.csv,power_stocks,76,6.3,coal-statistics-coal-directory-chapter-5-pit-head-closing-stock-6,Coal Directory chapter 5: Pit-head closing stock
normalized/coal-statistics-coal-directory-chapter-5-pit-head-closing-stock-6__6-4.csv,power_stocks,76,6.4,coal-statistics-coal-directory-chapter-5-pit-head-closing-stock-6,Coal Directory chapter 5: Pit-head closing stock
normalized/coal-statistics-coal-directory-chapter-5-pit-head-closing-stock-6__6-5-6-6.csv,power_stocks,49,6.5 & 6.6,coal-statistics-coal-directory-chapter-5-pit-head-closing-stock-6,Coal Directory chapter 5: Pit-head closing stock
normalized/coal-statistics-coal-directory-chapter-5-pit-head-closing-stock-6__6-6-royalty-original.csv,power_stocks,31,6.6-royalty-original,coal-statistics-coal-directory-chapter-5-pit-head-closing-stock-6,Coal Directory chapter 5: Pit-head closing stock
normalized/coal-statistics-coal-directory-chapter-5-pit-head-closing-stock-6__6-6.csv,power_stocks,25,6.6,coal-statistics-coal-directory-chapter-5-pit-head-closing-stock-6,Coal Directory chapter 5: Pit-head closing stock
normalized/coal-statistics-coal-directory-chapter-5-pit-head-closing-stock-6__6-7-6-8.csv,power_stocks,47,6.7 & 6.8,coal-statistics-coal-directory-chapter-5-pit-head-closing-stock-6,Coal Directory chapter 5: Pit-head closing stock
normalized/coal-statistics-coal-directory-chapter-5-pit-head-closing-stock-6__6-8.csv,power_stocks,23,6.8,coal-statistics-coal-directory-chapter-5-pit-head-closing-stock-6,Coal Directory chapter 5: Pit-head closing stock
normalized/coal-statistics-coal-directory-chapter-5-pit-head-closing-stock-6__6-9.csv,power_stocks,22,6.9,coal-statistics-coal-directory-chapter-5-pit-head-closing-stock-6,Coal Directory chapter 5: Pit-head closing stock
normalized/coal-statistics-coal-directory-chapter-5-pit-head-closing-stock-6__6-10.csv,power_stocks,22,6.10,coal-statistics-coal-directory-chapter-5-pit-head-closing-stock-6,Coal Directory chapter 5: Pit-head closing stock
normalized/coal-statistics-coal-directory-chapter-5-pit-head-closing-stock-6__sheet1.csv,power_stocks,0,Sheet1,coal-statistics-coal-directory-chapter-5-pit-head-closing-stock-6,Coal Directory chapter 5: Pit-head closing stock
normalized/coal-statistics-coal-directory-chapter-6-coal-washeries-7__tab1a2021-link-m.csv,coal_supply_chain,525,tab1a2021-link_m,coal-statistics-coal-directory-chapter-6-coal-washeries-7,Coal Directory chapter 6: Coal washeries
normalized/coal-statistics-coal-directory-chapter-6-coal-washeries-7__tab1a22-23-final.csv,coal_supply_chain,255,tab1a22-23-final,coal-statistics-coal-directory-chapter-6-coal-washeries-7,Coal Directory chapter 6: Coal washeries
normalized/coal-statistics-coal-directory-chapter-6-coal-washeries-7__tab1a23-24-final.csv,coal_supply_chain,265,tab1a23-24-final,coal-statistics-coal-directory-chapter-6-coal-washeries-7,Coal Directory chapter 6: Coal washeries
normalized/coal-statistics-coal-directory-chapter-6-coal-washeries-7__tb7-1.csv,coal_supply_chain,57,tb7.1,coal-statistics-coal-directory-chapter-6-coal-washeries-7,Coal Directory chapter 6: Coal washeries
normalized/coal-statistics-coal-directory-chapter-6-coal-washeries-7__tb7-2-3.csv,coal_supply_chain,28,tb7.2&3,coal-statistics-coal-directory-chapter-6-coal-washeries-7,Coal Directory chapter 6: Coal washeries
normalized/coal-statistics-coal-directory-chapter-6-coal-washeries-7__tb7-4-5-6.csv,coal_supply_chain,36,tb7.4-5&6,coal-statistics-coal-directory-chapter-6-coal-washeries-7,Coal Directory chapter 6: Coal washeries
normalized/coal-statistics-coal-directory-chapter-6-coal-washeries-7__tb7-7.csv,coal_supply_chain,38,tb7.7,coal-statistics-coal-directory-chapter-6-coal-washeries-7,Coal Directory chapter 6: Coal washeries
normalized/coal-statistics-coal-directory-chapter-7-import-and-export-8__tb8-1.csv,imports,25,TB8.1,coal-statistics-coal-directory-chapter-7-import-and-export-8,Coal Directory chapter 7: Import and export
normalized/coal-statistics-coal-directory-chapter-7-import-and-export-8__tb8-2.csv,imports,25,TB8.2,coal-statistics-coal-directory-chapter-7-import-and-export-8,Coal Directory chapter 7: Import and export
normalized/coal-statistics-coal-directory-chapter-7-import-and-export-8__tb8-3.csv,imports,47,TB8.3,coal-statistics-coal-directory-chapter-7-import-and-export-8,Coal Directory chapter 7: Import and export
normalized/coal-statistics-coal-directory-chapter-7-import-and-export-8__tb8-4.csv,imports,59,TB8.4,coal-statistics-coal-directory-chapter-7-import-and-export-8,Coal Directory chapter 7: Import and export
normalized/coal-statistics-coal-directory-chapter-7-import-and-export-8__tb8-5.csv,imports,73,TB8.5,coal-statistics-coal-directory-chapter-7-import-and-export-8,Coal Directory chapter 7: Import and export
normalized/coal-statistics-coal-directory-chapter-7-import-and-export-8__tb8-6.csv,imports,55,TB8.6,coal-statistics-coal-directory-chapter-7-import-and-export-8,Coal Directory chapter 7: Import and export
normalized/coal-statistics-coal-directory-chapter-7-import-and-export-8__tb8-7.csv,imports,31,TB8.7,coal-statistics-coal-directory-chapter-7-import-and-export-8,Coal Directory chapter 7: Import and export
normalized/coal-statistics-coal-directory-chapter-7-import-and-export-8__tb8-8.csv,imports,31,TB8.8,coal-statistics-coal-directory-chapter-7-import-and-export-8,Coal Directory chapter 7: Import and export
normalized/coal-statistics-coal-directory-chapter-7-import-and-export-8__month-2023-24.csv,imports,16,Month 2023-24,coal-statistics-coal-directory-chapter-7-import-and-export-8,Coal Directory chapter 7: Import and export
normalized/coal-statistics-coal-directory-chapter-7-import-and-export-8__word-calculation.csv,imports,61,word calculation,coal-statistics-coal-directory-chapter-7-import-and-export-8,Coal Directory chapter 7: Import and export
normalized/coal-statistics-coal-directory-chapter-8-coal-prices-and-royalties-9__t8-1.csv,coal_prices,41,t8.1,coal-statistics-coal-directory-chapter-8-coal-prices-and-royalties-9,Coal Directory chapter 8: Coal prices and royalties
normalized/coal-statistics-coal-directory-chapter-8-coal-prices-and-royalties-9__t8-2.csv,coal_prices,54,t8.2,coal-statistics-coal-directory-chapter-8-coal-prices-and-royalties-9,Coal Directory chapter 8: Coal prices and royalties
normalized/coal-statistics-coal-directory-chapter-8-coal-prices-and-royalties-9__tb9-1.csv,coal_prices,36,TB9.1,coal-statistics-coal-directory-chapter-8-coal-prices-and-royalties-9,Coal Directory chapter 8: Coal prices and royalties
normalized/coal-statistics-coal-directory-chapter-8-coal-prices-and-royalties-9__tb9-2.csv,coal_prices,86,TB9.2,coal-statistics-coal-directory-chapter-8-coal-prices-and-royalties-9,Coal Directory chapter 8: Coal prices and royalties
normalized/coal-statistics-coal-directory-chapter-8-coal-prices-and-royalties-9__commitee.csv,coal_prices,81,COMMITEE,coal-statistics-coal-directory-chapter-8-coal-prices-and-royalties-9,Coal Directory chapter 8: Coal prices and royalties
normalized/coal-statistics-coal-directory-chapter-8-coal-prices-and-royalties-9__t8-1ckg-ws.csv,coal_prices,30,T8.1ckg ws,coal-statistics-coal-directory-chapter-8-coal-prices-and-royalties-9,Coal Directory chapter 8: Coal prices and royalties
normalized/coal-statistics-coal-directory-chapter-8-coal-prices-and-royalties-9__t8-2-ckg-ws-per.csv,coal_prices,66,t8.2 ckg ws per,coal-statistics-coal-directory-chapter-8-coal-prices-and-royalties-9,Coal Directory chapter 8: Coal prices and royalties
normalized/coal-statistics-coal-directory-chapter-8-coal-prices-and-royalties-9__t-8-3-nc-w-fr.csv,coal_prices,51,t 8.3 NC W FR,coal-statistics-coal-directory-chapter-8-coal-prices-and-royalties-9,Coal Directory chapter 8: Coal prices and royalties
normalized/coal-statistics-coal-directory-chapter-8-coal-prices-and-royalties-9__t-8-4-nc-w-data.csv,coal_prices,99,t 8.4 NC W DATA ,coal-statistics-coal-directory-chapter-8-coal-prices-and-royalties-9,Coal Directory chapter 8: Coal prices and royalties
normalized/coal-statistics-coal-directory-chapter-8-coal-prices-and-royalties-9__t-8-5-power-capacity.csv,coal_prices,49,t 8.5 POWER capacity,coal-statistics-coal-directory-chapter-8-coal-prices-and-royalties-9,Coal Directory chapter 8: Coal prices and royalties
normalized/coal-statistics-coal-directory-chapter-8-coal-prices-and-royalties-9__t8-6-ele-generation.csv,coal_prices,44,t8.6 ele generation,coal-statistics-coal-directory-chapter-8-coal-prices-and-royalties-9,Coal Directory chapter 8: Coal prices and royalties
normalized/coal-statistics-coal-directory-chapter-8-coal-prices-and-royalties-9__t-8-7-cement.csv,coal_prices,29,t 8.7 cement ,coal-statistics-coal-directory-chapter-8-coal-prices-and-royalties-9,Coal Directory chapter 8: Coal prices and royalties
normalized/coal-statistics-coal-directory-chapter-8-coal-prices-and-royalties-9__8-8cement.csv,coal_prices,27,8.8cement ,coal-statistics-coal-directory-chapter-8-coal-prices-and-royalties-9,Coal Directory chapter 8: Coal prices and royalties
normalized/coal-statistics-coal-directory-chapter-9-employment-and-safety-10__tb10-1.csv,source_reference,34,TB10.1,coal-statistics-coal-directory-chapter-9-employment-and-safety-10,Coal Directory chapter 9: Employment and safety
normalized/coal-statistics-coal-directory-chapter-9-employment-and-safety-10__tb10-2.csv,source_reference,25,TB10.2 ,coal-statistics-coal-directory-chapter-9-employment-and-safety-10,Coal Directory chapter 9: Employment and safety
normalized/coal-statistics-coal-directory-chapter-9-employment-and-safety-10__tb10-3.csv,source_reference,15,TB10.3,coal-statistics-coal-directory-chapter-9-employment-and-safety-10,Coal Directory chapter 9: Employment and safety
normalized/coal-statistics-coal-directory-chapter-9-employment-and-safety-10__tb10-4.csv,source_reference,31,TB10.4,coal-statistics-coal-directory-chapter-9-employment-and-safety-10,Coal Directory chapter 9: Employment and safety
normalized/coal-statistics-coal-directory-chapter-9-employment-and-safety-10__tb10-5.csv,source_reference,134,TB10.5,coal-statistics-coal-directory-chapter-9-employment-and-safety-10,Coal Directory chapter 9: Employment and safety
normalized/coal-statistics-coal-directory-chapter-9-employment-and-safety-10__tb-10-6.csv,source_reference,60,TB 10.6,coal-statistics-coal-directory-chapter-9-employment-and-safety-10,Coal Directory chapter 9: Employment and safety
normalized/coal-statistics-coal-directory-chapter-9-employment-and-safety-10__tb-10-7.csv,source_reference,124,TB 10.7,coal-statistics-coal-directory-chapter-9-employment-and-safety-10,Coal Directory chapter 9: Employment and safety
normalized/coal-statistics-coal-directory-chapter-9-employment-and-safety-10__tb10-8.csv,source_reference,10,TB10.8,coal-statistics-coal-directory-chapter-9-employment-and-safety-10,Coal Directory chapter 9: Employment and safety
normalized/coal-statistics-coal-directory-chapter-1-indian-coal-economy-overview-11__t11-1-reserve.csv,production,55,T11.1 Reserve,coal-statistics-coal-directory-chapter-1-indian-coal-economy-overview-11,Coal Directory chapter 1: Indian coal economy overview
normalized/coal-statistics-coal-directory-chapter-1-indian-coal-economy-overview-11__t11-2production.csv,production,61,T11.2Production,coal-statistics-coal-directory-chapter-1-indian-coal-economy-overview-11,Coal Directory chapter 1: Indian coal economy overview
normalized/coal-statistics-coal-directory-chapter-1-indian-coal-economy-overview-11__t11-3-coal-offtake.csv,production,112,T11.3- Coal Offtake,coal-statistics-coal-directory-chapter-1-indian-coal-economy-overview-11,Coal Directory chapter 1: Indian coal economy overview
normalized/coal-statistics-coal-directory-chapter-1-indian-coal-economy-overview-11__t11-4-prices.csv,production,53,T11.4-Prices,coal-statistics-coal-directory-chapter-1-indian-coal-economy-overview-11,Coal Directory chapter 1: Indian coal economy overview
normalized/coal-statistics-coal-directory-chapter-1-indian-coal-economy-overview-11__t-11-5-prdn.csv,production,91,T-11.5-Prdn,coal-statistics-coal-directory-chapter-1-indian-coal-economy-overview-11,Coal Directory chapter 1: Indian coal economy overview
normalized/coal-statistics-coal-directory-chapter-1-indian-coal-economy-overview-11__t-11-6-imp.csv,production,127,T-11.6-Imp,coal-statistics-coal-directory-chapter-1-indian-coal-economy-overview-11,Coal Directory chapter 1: Indian coal economy overview
normalized/coal-statistics-coal-directory-chapter-1-indian-coal-economy-overview-11__t-11-7-exp.csv,production,83,T-11.7-Exp,coal-statistics-coal-directory-chapter-1-indian-coal-economy-overview-11,Coal Directory chapter 1: Indian coal economy overview
normalized/coal-statistics-coal-directory-chapter-1-indian-coal-economy-overview-11__t-11-8-supply.csv,production,135,T-11.8-Supply,coal-statistics-coal-directory-chapter-1-indian-coal-economy-overview-11,Coal Directory chapter 1: Indian coal economy overview
normalized/coal-statistics-coal-directory-chapter-1-indian-coal-economy-overview-11__sheet1.csv,production,21,Sheet1,coal-statistics-coal-directory-chapter-1-indian-coal-economy-overview-11,Coal Directory chapter 1: Indian coal economy overview
normalized/coal-statistics-coal-directory-chapter-1-indian-coal-economy-overview-12__tab12-1.csv,production,72,tab12.1 ,coal-statistics-coal-directory-chapter-1-indian-coal-economy-overview-12,Coal Directory chapter 1: Indian coal economy overview
normalized/coal-statistics-coal-directory-chapter-1-indian-coal-economy-overview-12__tab12-2.csv,production,19,tab12.2,coal-statistics-coal-directory-chapter-1-indian-coal-economy-overview-12,Coal Directory chapter 1: Indian coal economy overview
normalized/coal-statistics-coal-directory-chapter-1-indian-coal-economy-overview-12__tab12-3-5.csv,production,34,tab12.3-5,coal-statistics-coal-directory-chapter-1-indian-coal-economy-overview-12,Coal Directory chapter 1: Indian coal economy overview
normalized/coal-statistics-coal-directory-chapter-1-indian-coal-economy-overview-12__tab12-6.csv,production,55,Tab12.6,coal-statistics-coal-directory-chapter-1-indian-coal-economy-overview-12,Coal Directory chapter 1: Indian coal economy overview
normalized/coal-statistics-coal-directory-chapter-1-indian-coal-economy-overview-12__tab12-7.csv,production,13,tab12.7,coal-statistics-coal-directory-chapter-1-indian-coal-economy-overview-12,Coal Directory chapter 1: Indian coal economy overview
normalized/coal-statistics-coal-directory-chapter-1-indian-coal-economy-overview-12__tab12-8-9.csv,production,21,tab12.8 & 9,coal-statistics-coal-directory-chapter-1-indian-coal-economy-overview-12,Coal Directory chapter 1: Indian coal economy overview
