period,status,coal_generation_gwh,lignite_generation_gwh,thermal_generation_gwh,nuclear_generation_gwh,large_hydro_generation_gwh,bhutan_import_gwh,conventional_generation_gwh,coal_share_conventional_pct,npp_source_url,npp_fuel_source_url
2023-05,final,106033.15,2615.8,111515.28,3495.91,11458.68,131.8,126601.67,83.75335807181689,https://npp.gov.in/public-reports/cea/monthly/generation/18_col_act//2023/MAY/18_col_act-1_2023-MAY.xls,https://npp.gov.in/public-reports/cea/monthly/generation/18_col_act//2023/MAY/18_col_act-11_2023-MAY.xls
2023-06,final,103324.75,2833.7,109220.04,3209.74,14334.25,618.7,127382.73,81.11362505733706,https://npp.gov.in/public-reports/cea/monthly/generation/18_col_act//2023/JUN/18_col_act-1_2023-JUN.xls,https://npp.gov.in/public-reports/cea/monthly/generation/18_col_act//2023/JUN/18_col_act-11_2023-JUN.xls
2023-07,final,98209.81,2695.66,103175.41,3954.53,17924.48,1258.6,126313.02,77.75113761035877,https://npp.gov.in/public-reports/cea/monthly/generation/18_col_act//2023/JUL/18_col_act-1_2023-JUL.xls,https://npp.gov.in/public-reports/cea/monthly/generation/18_col_act//2023/JUL/18_col_act-11_2023-JUL.xls
2023-08,final,103971.51,2439.67,110065.64,4370.12,21959.79,1198.8,137594.34999999998,75.56379313540128,https://npp.gov.in/public-reports/cea/monthly/generation/18_col_act//2023/AUG/18_col_act-1_2023-AUG.xls,https://npp.gov.in/public-reports/cea/monthly/generation/18_col_act//2023/AUG/18_col_act-11_2023-AUG.xls
2023-09,final,103392.53,2440.2,108820.55,4525.77,16322.75,869.4,130538.47,79.20464365791938,https://npp.gov.in/public-reports/cea/monthly/generation/18_col_act//2023/SEP/18_col_act-1_2023-SEP.xls,https://npp.gov.in/public-reports/cea/monthly/generation/18_col_act//2023/SEP/18_col_act-11_2023-SEP.xls
2023-10,final,111351.47,2646.88,117258.64,4493.54,11240.45,508.5,133501.13,83.40863481829705,https://npp.gov.in/public-reports/cea/monthly/generation/18_col_act//2023/OCT/18_col_act-1_2023-OCT.xls,https://npp.gov.in/public-reports/cea/monthly/generation/18_col_act//2023/OCT/18_col_act-11_2023-OCT.xls
2023-11,final,99260.33,2725.83,103666.97,4424.49,6621.29,16.5,114729.25,86.51702159649784,https://npp.gov.in/public-reports/cea/monthly/generation/18_col_act//2023/NOV/18_col_act-1_2023-NOV.xls,https://npp.gov.in/public-reports/cea/monthly/generation/18_col_act//2023/NOV/18_col_act-11_2023-NOV.xls
2023-12,final,100688.72,2854.05,105491.25,4276.81,6167.11,11.6,115946.77,86.84046998463174,https://npp.gov.in/public-reports/cea/monthly/generation/18_col_act//2023/DEC/18_col_act-1_2023-DEC.xls,https://npp.gov.in/public-reports/cea/monthly/generation/18_col_act//2023/DEC/18_col_act-11_2023-DEC.xls
2024-01,final,111724.64,3202.42,117504.61,4152.32,6352.29,15.8,128025.01999999999,87.26781686892141,https://npp.gov.in/public-reports/cea/monthly/generation/18_col_act//2024/JAN/18_col_act-1_2024-JAN.xls,https://npp.gov.in/public-reports/cea/monthly/generation/18_col_act//2024/JAN/18_col_act-11_2024-JAN.xls
2024-02,final,104096.48,2891.72,109345.97,3501.79,5928.16,9.9,118785.81999999999,87.63375965245683,https://npp.gov.in/public-reports/cea/monthly/generation/18_col_act//2024/FEB/18_col_act-1_2024-FEB.xls,https://npp.gov.in/public-reports/cea/monthly/generation/18_col_act//2024/FEB/18_col_act-11_2024-FEB.xls
2024-03,final,112822.82,3531.08,118911.09,4019.94,7015.7,18.3,129965.03,86.81013654211445,https://npp.gov.in/public-reports/cea/monthly/generation/18_col_act//2024/MAR/18_col_act-1_2024-MAR.xls,https://npp.gov.in/public-reports/cea/monthly/generation/18_col_act//2024/MAR/18_col_act-11_2024-MAR.xls
2024-04,final,116699.25,3219.63,123681.53,4443.61,8126.06,75.6,136326.80000000002,85.60257410868589,https://npp.gov.in/public-reports/cea/monthly/generation/18_col_act//2024/APR/18_col_act-1_2024-APR.xls,https://npp.gov.in/public-reports/cea/monthly/generation/18_col_act//2024/APR/18_col_act-11_2024-APR.xls
2024-05,final,119639.86,3025.92,127870.48,4447.05,12629.77,133.2,145080.5,82.46446627906576,https://npp.gov.in/public-reports/cea/monthly/generation/18_col_act//2024/MAY/18_col_act-1_2024-MAY.xls,https://npp.gov.in/public-reports/cea/monthly/generation/18_col_act//2024/MAY/18_col_act-11_2024-MAY.xls
2024-06,final,113410.15,2808.51,120865.06,4217.61,14212.67,535.2,139830.54,81.10542232047447,https://npp.gov.in/public-reports/cea/monthly/generation/18_col_act//2024/JUN/18_col_act-1_2024-JUN.xls,https://npp.gov.in/public-reports/cea/monthly/generation/18_col_act//2024/JUN/18_col_act-11_2024-JUN.xls
2024-07,final,105938.67,2769.02,111406.42,4799.84,17562.91,1166.7,134935.87,78.51038422918977,https://npp.gov.in/public-reports/cea/monthly/generation/18_col_act//2024/JUL/18_col_act-1_2024-JUL.xls,https://npp.gov.in/public-reports/cea/monthly/generation/18_col_act//2024/JUL/18_col_act-11_2024-JUL.xls
2024-08,final,99131.58,2522.77,104208.1,5492.07,21565.9,1167.2,132433.27000000002,74.8539849540829,https://npp.gov.in/public-reports/cea/monthly/generation/18_col_act//2024/AUG/18_col_act-1_2024-AUG.xls,https://npp.gov.in/public-reports/cea/monthly/generation/18_col_act//2024/AUG/18_col_act-11_2024-AUG.xls
2024-09,final,97028.49,2614.38,102171.62,4926.44,20574.25,1165.6,128837.91,75.31051225528262,https://npp.gov.in/public-reports/cea/monthly/generation/18_col_act//2024/SEP/18_col_act-1_2024-SEP.xls,https://npp.gov.in/public-reports/cea/monthly/generation/18_col_act//2024/SEP/18_col_act-11_2024-SEP.xls
2024-10,final,108888.04,2879.04,114132.22,4768.92,14455.88,843.7,134200.72,81.13819359538458,https://npp.gov.in/public-reports/cea/monthly/generation/18_col_act//2024/OCT/18_col_act-1_2024-OCT.xls,https://npp.gov.in/public-reports/cea/monthly/generation/18_col_act//2024/OCT/18_col_act-11_2024-OCT.xls
2024-11,final,100139.04,2623.58,104231.33,4809.77,8630.89,128.4,117800.39,85.0073925901264,https://npp.gov.in/public-reports/cea/monthly/generation/18_col_act//2024/NOV/18_col_act-1_2024-NOV.xls,https://npp.gov.in/public-reports/cea/monthly/generation/18_col_act//2024/NOV/18_col_act-11_2024-NOV.xls
2024-12,final,104303.03,2301.48,108241.52,5124.7,7753.43,24.6,121144.25,86.09820936610694,https://npp.gov.in/public-reports/cea/monthly/generation/18_col_act//2024/DEC/18_col_act-1_2024-DEC.xls,https://npp.gov.in/public-reports/cea/monthly/generation/18_col_act//2024/DEC/18_col_act-11_2024-DEC.xls
2025-01,final,109495.79,2887.64,114019.37,4778.41,7388.05,57.95,126243.78,86.73361174705003,https://npp.gov.in/public-reports/cea/monthly/generation/18_col_act//2025/JAN/18_col_act-1_2025-JAN.xls,https://npp.gov.in/public-reports/cea/monthly/generation/18_col_act//2025/JAN/18_col_act-11_2025-JAN.xls
2025-02,final,106181.61,2525.26,110400.16,4153.34,6970.89,70.63,121595.02,87.32397922217537,https://npp.gov.in/public-reports/cea/monthly/generation/18_col_act//2025/FEB/18_col_act-1_2025-FEB.xls,https://npp.gov.in/public-reports/cea/monthly/generation/18_col_act//2025/FEB/18_col_act-11_2025-FEB.xls
2025-03,final,118016.76,2817.54,122661.95,4719.07,8763.28,115.4,136259.69999999998,86.61163939154423,https://npp.gov.in/public-reports/cea/monthly/generation/18_col_act//2025/MAR/18_col_act-1_2025-MAR.xls,https://npp.gov.in/public-reports/cea/monthly/generation/18_col_act//2025/MAR/18_col_act-11_2025-MAR.xls
2025-04,final,113405.37,2429.77,119070.49,4951.45,9618.15,162.01,133802.1,84.75604642976455,https://npp.gov.in/public-reports/cea/monthly/generation/18_col_act//2025/APR/18_col_act-1_2025-APR.xls,https://npp.gov.in/public-reports/cea/monthly/generation/18_col_act//2025/APR/18_col_act-11_2025-APR.xls
2025-05,final,108820.22,2454.2,114095.95,5137.08,13264.6,569.5,133067.13,81.77843769531965,https://npp.gov.in/public-reports/cea/monthly/generation/18_col_act//2025/MAY/18_col_act-1_2025-MAY.xls,https://npp.gov.in/public-reports/cea/monthly/generation/18_col_act//2025/MAY/18_col_act-11_2025-MAY.xls
2025-06,final,103460.39,2506.52,108811.65,4498.01,16775.5,1129.21,131214.37,78.84836851329622,https://npp.gov.in/public-reports/cea/monthly/generation/18_col_act//2025/JUN/18_col_act-1_2025-JUN.xls,https://npp.gov.in/public-reports/cea/monthly/generation/18_col_act//2025/JUN/18_col_act-11_2025-JUN.xls
2025-07,final,101767.23,2043.96,106393.46,4536.36,21673.9,1485.07,134088.79,75.89540482839764,https://npp.gov.in/public-reports/cea/monthly/generation/18_col_act//2025/JUL/18_col_act-1_2025-JUL.xls,https://npp.gov.in/public-reports/cea/monthly/generation/18_col_act//2025/JUL/18_col_act-11_2025-JUL.xls
2025-08,final,100151.48,2302.24,104541.85,4105.67,23515.94,1549.55,133713.00999999998,74.9003257050305,https://npp.gov.in/public-reports/cea/monthly/generation/18_col_act//2025/AUG/18_col_act-1_2025-AUG.xls,https://npp.gov.in/public-reports/cea/monthly/generation/18_col_act//2025/AUG/18_col_act-11_2025-AUG.xls
2025-09,final,96942.91,2597.37,102013.32,4045.28,22317.41,1532.75,129908.76000000001,74.62384368844718,https://npp.gov.in/public-reports/cea/monthly/generation/18_col_act//2025/SEP/18_col_act-1_2025-SEP.xls,https://npp.gov.in/public-reports/cea/monthly/generation/18_col_act//2025/SEP/18_col_act-11_2025-SEP.xls
2025-10,final,93541.1,2626.44,97656.54,4808.57,16437.39,939.67,119842.16999999998,78.05357663333368,https://npp.gov.in/public-reports/cea/monthly/generation/18_col_act//2025/OCT/18_col_act-1_2025-OCT.xls,https://npp.gov.in/public-reports/cea/monthly/generation/18_col_act//2025/OCT/18_col_act-11_2025-OCT.xls
2025-11,final,93707.17,2412.64,97855.25,3860.28,9816.95,342.0,111874.48,83.76098820749827,https://npp.gov.in/public-reports/cea/monthly/generation/18_col_act//2025/NOV/18_col_act-1_2025-NOV.xls,https://npp.gov.in/public-reports/cea/monthly/generation/18_col_act//2025/NOV/18_col_act-11_2025-NOV.xls
2025-12,final,108664.62,2709.06,113387.32,4221.94,8767.19,31.42,126407.87000000001,85.96349262114771,https://npp.gov.in/public-reports/cea/monthly/generation/18_col_act//2025/DEC/18_col_act-1_2025-DEC.xls,https://npp.gov.in/public-reports/cea/monthly/generation/18_col_act//2025/DEC/18_col_act-11_2025-DEC.xls
2026-01,final,111422.03,2824.52,116085.78,5029.03,7852.09,24.5,128991.4,86.37942529501967,https://npp.gov.in/public-reports/cea/monthly/generation/18_col_act//2026/JAN/18_col_act-1_2026-JAN.xls,https://npp.gov.in/public-reports/cea/monthly/generation/18_col_act//2026/JAN/18_col_act-11_2026-JAN.xls
2026-02,final,102816.62,2603.34,107142.88,4888.71,7663.4,11.28,119706.27,85.89075576408821,https://npp.gov.in/public-reports/cea/monthly/generation/18_col_act//2026/FEB/18_col_act-1_2026-FEB.xls,https://npp.gov.in/public-reports/cea/monthly/generation/18_col_act//2026/FEB/18_col_act-11_2026-FEB.xls
2026-03,final,115639.68,2819.95,120076.12,5108.14,9501.26,54.28,134739.8,85.8244408853212,https://npp.gov.in/public-reports/cea/monthly/generation/18_col_act//2026/MAR/18_col_act-1_2026-MAR.xls,https://npp.gov.in/public-reports/cea/monthly/generation/18_col_act//2026/MAR/18_col_act-11_2026-MAR.xls
2026-04,final,116047.22,2722.92,120977.6,5148.3,10764.25,111.17,137001.32000000004,84.70518386246204,https://npp.gov.in/public-reports/cea/monthly/generation/18_col_act//2026/APR/18_col_act-1_2026-APR.xls,https://npp.gov.in/public-reports/cea/monthly/generation/18_col_act//2026/APR/18_col_act-11_2026-APR.xls
2026-05,final,119051.43,2832.07,124107.52,5714.39,12752.34,421.82,142996.07,83.25503630973913,https://npp.gov.in/public-reports/cea/monthly/generation/18_col_act//2026/MAY/18_col_act-1_2026-MAY.xls,https://npp.gov.in/public-reports/cea/monthly/generation/18_col_act//2026/MAY/18_col_act-11_2026-MAY.xls
2026-06,final,117790.23,2412.05,122493.78,5564.1,13362.39,705.35,142125.62000000002,82.8775487487759,https://npp.gov.in/public-reports/cea/monthly/generation/18_col_act//2026/JUN/18_col_act-1_2026-JUN.xls,https://npp.gov.in/public-reports/cea/monthly/generation/18_col_act//2026/JUN/18_col_act-11_2026-JUN.xls
